Keyword,Search Type,Count
my boost mobile,intitle,4080
how to boost hdl cholesterol,intitle,45
how to boost hdl,intitle,0
boost drink powder,intitle,472
boost infinite customer service,intitle,3
boost 350 yeezy shoes,intitle,6
broly boost,intitle,702
boost mobile my boost,intitle,5
boost my,intitle,35600
m y boost,intitle,5960
my boost,intitle,5180
boost my boost,intitle,257
dangers of drinking boost,intitle,1
boost customer service email,intitle,2
boost juice menu,intitle,2320
boost mobile login,intitle,8
boost app login,intitle,2
boost mobile mobile login,intitle,0
my boost mobile account login,intitle,0
boost mobile log in,intitle,1